år,Innvandring,Innvandring_millions,Smoothed_Innvandring
2014,759185,0.759185,0.8091328792151576
2015,804963,0.804963,0.8237545229545532
2016,848207,0.848207,0.8491394040271916
2017,883751,0.883751,0.8799914402212395
2018,916625,0.916625,0.9122490226928321
2019,944402,0.944402,0.9442364328223154
2020,979254,0.979254,0.9762465054522705
2021,997942,0.997942,1.009083278426883
2022,1025175,1.025175,1.0418623661157835
2023,1091037,1.091037,1.0702194886702063
2024,1152540,1.15254,1.0871656594015677
